CustomerIndex,Cluster
0,0
1,1
2,1
3,1
4,2
5,0
6,0
7,0
8,0
9,1
10,2
11,0
12,2
13,-1
14,0
15,1
16,0
17,0
18,0
19,0
20,0
21,-1
22,0
23,0
24,2
25,1
26,2
27,2
28,0
29,0
30,2
31,0
32,0
33,-1
34,1
35,0
36,0
37,0
38,0
39,0
40,0
41,0
42,0
43,0
44,0
45,0
46,0
47,0
48,2
49,0
50,0
51,1
52,0
53,0
54,0
55,2
56,0
57,0
58,1
59,0
60,0
61,0
62,2
63,-1
64,0
65,2
66,0
67,0
68,2
69,1
70,0
71,2
72,0
73,0
74,0
75,-1
76,0
77,2
78,2
79,0
80,0
81,0
82,1
83,2
84,0
85,0
86,2
87,0
88,0
89,0
90,0
91,0
92,0
93,1
94,0
95,2
96,1
97,2
98,0
99,-1
100,0
101,0
102,2
103,0
104,0
105,0
106,2
107,1
108,0
109,0
110,2
111,0
112,-1
113,0
114,0
115,2
116,-1
117,2
118,0
119,2
120,1
121,0
122,2
123,2
124,0
125,0
126,0
127,0
128,2
129,0
130,2
131,2
132,0
133,0
134,0
135,0
136,0
137,1
138,2
139,2
140,0
141,0
142,2
143,0
144,0
145,0
146,0
147,0
148,0
149,0
150,0
151,0
152,2
153,0
154,0
155,0
156,0
157,0
158,0
159,0
160,0
161,2
162,0
163,0
164,0
165,0
166,1
167,2
168,0
169,0
170,0
171,0
172,2
173,0
174,0
175,0
176,0
177,1
178,0
179,0
180,0
181,0
182,0
183,2
184,0
185,0
186,0
187,0
188,2
189,2
190,0
191,0
192,2
193,2
194,0
195,0
196,0
197,0
198,0
199,2
200,0
201,0
202,2
203,0
204,2
205,0
206,0
207,0
208,0
209,1
210,0
211,0
212,0
213,1
214,0
215,0
216,0
217,0
218,2
219,0
220,2
221,2
222,2
223,0
224,0
225,2
226,2
227,0
228,2
229,0
230,0
231,2
232,0
233,-1
234,0
235,1
236,2
237,2
238,0
239,0
240,0
241,0
242,1
243,0
244,0
245,0
246,2
247,0
248,0
249,2
250,0
251,2
252,0
253,0
254,0
255,0
256,0
257,0
258,2
259,0
260,0
261,0
262,1
263,2
264,0
265,0
266,2
267,0
268,2
269,0
270,2
271,2
272,2
273,2
274,0
275,0
276,0
277,2
278,0
279,0
280,0
281,2
282,2
283,0
284,0
285,0
286,1
287,1
288,2
289,0
290,0
291,1
292,2
293,0
294,1
295,0
296,0
297,0
298,0
299,0
300,2
301,0
302,2
303,0
304,0
305,0
306,2
307,2
308,0
309,0
310,0
311,0
312,2
313,0
314,0
315,0
316,0
317,0
318,2
319,0
320,0
321,0
322,0
323,0
324,2
325,2
326,2
327,0
328,2
329,0
330,0
331,0
332,0
333,0
334,0
335,0
336,2
337,0
338,0
339,0
340,0
341,0
342,2
343,2
344,2
345,0
346,0
347,2
348,1
349,2
350,0
351,0
352,-1
353,2
354,0
355,-1
356,0
357,2
358,0
359,0
360,0
361,0
362,0
363,0
364,0
365,0
366,2
367,0
368,0
369,1
370,1
371,0
372,0
373,2
374,0
375,0
376,2
377,-1
378,0
379,0
380,2
381,0
382,0
383,2
384,2
385,2
386,0
387,0
388,0
389,0
390,0
391,0
392,0
393,2
394,0
395,0
396,2
397,0
398,2
399,0
400,0
401,0
402,0
403,0
404,0
405,0
406,0
407,0
408,0
409,0
410,0
411,2
412,0
413,0
414,0
415,0
416,0
417,0
418,0
419,0
420,0
421,1
422,2
423,0
424,0
425,0
426,2
427,3
428,2
429,0
430,0
431,2
432,0
433,0
434,0
435,1
436,0
437,0
438,0
439,0
440,0
441,0
442,0
443,0
444,2
445,0
446,0
447,0
448,0
449,2
450,0
451,1
452,1
453,0
454,0
455,0
456,0
457,1
458,0
459,2
460,0
461,2
462,1
463,0
464,0
465,0
466,0
467,0
468,2
469,0
470,2
471,0
472,0
473,-1
474,0
475,0
476,2
477,0
478,0
479,0
480,2
481,2
482,1
483,0
484,0
485,0
486,0
487,0
488,0
489,0
490,0
491,0
492,0
493,0
494,2
495,0
496,0
497,0
498,2
499,0
500,2
501,2
502,0
503,2
504,2
505,0
506,2
507,2
508,0
509,1
510,2
511,0
512,0
513,0
514,0
515,2
516,0
517,2
518,0
519,2
520,0
521,0
522,1
523,2
524,1
525,0
526,2
527,2
528,0
529,1
530,0
531,2
532,2
533,0
534,0
535,0
536,2
537,0
538,2
539,0
540,0
541,0
542,0
543,2
544,0
545,2
546,2
547,0
548,0
549,1
550,0
551,1
552,-1
553,2
554,2
555,0
556,0
557,0
558,2
559,2
560,1
561,-1
562,-1
563,1
564,1
565,0
566,0
567,0
568,0
569,0
570,0
571,0
572,0
573,2
574,0
575,0
576,0
577,0
578,2
579,0
580,0
581,0
582,1
583,2
584,2
585,0
586,0
587,-1
588,0
589,0
590,0
591,0
592,0
593,0
594,2
595,0
596,2
597,1
598,0
599,2
600,2
601,0
602,0
603,0
604,2
605,2
606,0
607,0
608,0
609,0
610,0
611,0
612,2
613,0
614,0
615,0
616,0
617,0
618,0
619,0
620,2
621,2
622,1
623,0
624,2
625,1
626,0
627,0
628,2
629,0
630,2
631,0
632,0
633,0
634,0
635,0
636,0
637,0
638,0
639,0
640,2
641,0
642,0
643,0
644,0
645,0
646,2
647,0
648,0
649,0
650,2
651,0
652,2
653,0
654,0
655,0
656,0
657,0
658,0
659,0
660,1
661,0
662,0
663,0
664,2
665,0
666,2
667,0
668,2
669,0
670,2
671,0
672,2
673,2
674,0
675,0
676,0
677,0
678,2
679,0
680,0
681,2
682,1
683,0
684,0
685,2
686,0
687,2
688,1
689,0
690,1
691,0
692,0
693,0
694,0
695,2
696,2
697,0
698,0
699,0
700,2
701,0
702,0
703,0
704,0
705,1
706,0
707,0
708,0
709,0
710,0
711,0
712,0
713,0
714,-1
715,2
716,0
717,0
718,2
719,0
720,0
721,1
722,0
723,0
724,2
725,0
726,0
727,0
728,1
729,0
730,0
731,0
732,2
733,2
734,0
735,2
736,2
737,0
738,2
739,0
740,1
741,0
742,0
743,0
744,0
745,0
746,0
747,0
748,0
749,0
750,0
751,0
752,0
753,2
754,2
755,0
756,0
757,0
758,2
759,0
760,2
761,0
762,0
763,0
764,0
765,0
766,0
767,0
768,2
769,0
770,1
771,1
772,0
773,0
774,0
775,2
776,0
777,-1
778,0
779,2
780,0
781,0
782,0
783,0
784,0
785,2
786,1
787,0
788,0
789,0
790,2
791,0
792,1
793,0
794,0
795,0
796,1
797,1
798,0
799,0
800,0
801,0
802,0
803,0
804,1
805,0
806,2
807,0
808,1
809,0
810,1
811,0
812,0
813,0
814,0
815,2
816,0
817,1
818,1
819,2
820,2
821,0
822,0
823,-1
824,0
825,0
826,2
827,-1
828,0
829,2
830,2
831,2
832,0
833,0
834,0
835,0
836,1
837,2
838,1
839,2
840,1
841,0
842,0
843,-1
844,0
845,0
846,0
847,-1
848,0
849,1
850,1
851,-1
852,0
853,0
854,0
855,0
856,0
857,1
858,0
859,1
860,0
861,0
862,0
863,0
864,0
865,0
866,0
867,1
868,0
869,0
870,2
871,0
872,0
873,2
874,0
875,0
876,0
877,2
878,0
879,1
880,0
881,0
882,0
883,2
884,0
885,0
886,1
887,1
888,0
889,2
890,0
891,1
892,1
893,0
894,0
895,1
896,0
897,0
898,0
899,2
900,0
901,2
902,0
903,0
904,2
905,0
906,2
907,0
908,0
909,2
910,1
911,0
912,0
913,0
914,0
915,2
916,0
917,0
918,0
919,0
920,0
921,0
922,0
923,0
924,0
925,0
926,0
927,2
928,0
929,0
930,0
931,2
932,0
933,1
934,2
935,0
936,2
937,0
938,0
939,0
940,0
941,0
942,0
943,0
944,0
945,0
946,0
947,0
948,0
949,0
950,0
951,0
952,2
953,0
954,0
955,0
956,2
957,1
958,0
959,1
960,0
961,2
962,0
963,2
964,0
965,1
966,0
967,0
968,0
969,0
970,0
971,0
972,1
973,0
974,0
975,0
976,2
977,0
978,0
979,0
980,0
981,0
982,2
983,0
984,2
985,0
986,2
987,0
988,0
989,0
990,0
991,0
992,0
993,0
994,0
995,1
996,1
997,0
998,1
999,1
1000,0
1001,2
1002,0
1003,0
1004,0
1005,0
1006,0
1007,2
1008,1
1009,2
1010,2
1011,2
1012,2
1013,0
1014,0
1015,0
1016,0
1017,0
1018,0
1019,1
1020,2
1021,2
1022,0
1023,0
1024,2
1025,0
1026,0
1027,2
1028,0
1029,0
1030,0
1031,0
1032,0
1033,0
1034,2
1035,0
1036,0
1037,0
1038,0
1039,0
1040,0
1041,0
1042,0
1043,0
1044,2
1045,2
1046,2
1047,0
1048,2
1049,0
1050,2
1051,0
1052,2
1053,0
1054,2
1055,0
1056,0
1057,0
1058,2
1059,1
1060,0
1061,0
1062,0
1063,0
1064,0
1065,0
1066,0
1067,0
1068,0
1069,0
1070,0
1071,-1
1072,0
1073,2
1074,0
1075,0
1076,0
1077,0
1078,0
1079,2
1080,1
1081,0
1082,0
1083,0
1084,0
1085,0
1086,0
1087,0
1088,0
1089,-1
1090,0
1091,0
1092,0
1093,0
1094,1
1095,2
1096,0
1097,2
1098,1
1099,0
1100,1
1101,1
1102,2
1103,2
1104,0
1105,0
1106,2
1107,2
1108,0
1109,0
1110,0
1111,0
1112,2
1113,0
1114,0
1115,0
1116,0
1117,0
1118,1
1119,1
1120,2
1121,0
1122,1
1123,0
1124,-1
1125,2
1126,0
1127,2
1128,1
1129,0
1130,0
1131,0
1132,0
1133,0
1134,0
1135,0
1136,2
1137,0
1138,1
1139,0
1140,0
1141,0
1142,1
1143,0
1144,0
1145,1
1146,1
1147,0
1148,0
1149,0
1150,0
1151,0
1152,0
1153,0
1154,0
1155,0
1156,0
1157,0
1158,0
1159,0
1160,2
1161,-1
1162,0
1163,0
1164,0
1165,0
1166,0
1167,0
1168,0
1169,0
1170,0
1171,-1
1172,0
1173,0
1174,1
1175,1
1176,1
1177,1
1178,0
1179,0
1180,0
1181,2
1182,0
1183,0
1184,0
1185,0
1186,2
1187,0
1188,-1
1189,1
1190,0
1191,2
1192,0
1193,0
1194,0
1195,1
1196,0
1197,0
1198,2
1199,0
1200,0
1201,2
1202,0
1203,-1
1204,0
1205,0
1206,0
1207,0
1208,0
1209,2
1210,0
1211,0
1212,0
1213,0
1214,-1
1215,1
1216,2
1217,0
1218,2
1219,2
1220,0
1221,0
1222,0
1223,2
1224,2
1225,1
1226,2
1227,0
1228,0
1229,1
1230,0
1231,0
1232,0
1233,2
1234,2
1235,0
1236,0
1237,2
1238,0
1239,0
1240,0
1241,0
1242,0
1243,2
1244,2
1245,1
1246,0
1247,0
1248,0
1249,0
1250,0
1251,2
1252,0
1253,0
1254,0
1255,0
1256,0
1257,2
1258,0
1259,0
1260,0
1261,2
1262,2
1263,0
1264,0
1265,0
1266,0
1267,2
1268,0
1269,0
1270,0
1271,2
1272,0
1273,0
1274,2
1275,0
1276,0
1277,0
1278,0
1279,2
1280,-1
1281,0
1282,0
1283,0
1284,0
1285,0
1286,0
1287,0
1288,1
1289,0
1290,2
1291,0
1292,2
1293,2
1294,0
1295,0
1296,0
1297,0
1298,2
1299,2
1300,0
1301,2
1302,0
1303,1
1304,0
1305,2
1306,0
1307,0
1308,0
1309,2
1310,0
1311,0
1312,2
1313,0
1314,0
1315,0
1316,2
1317,0
1318,0
1319,0
1320,2
1321,1
1322,0
1323,0
1324,0
1325,1
1326,0
1327,2
1328,0
1329,0
1330,0
1331,0
1332,1
1333,2
1334,0
1335,2
1336,2
1337,0
1338,0
1339,0
1340,1
1341,0
1342,1
1343,0
1344,0
1345,1
1346,0
1347,0
1348,1
1349,0
1350,0
1351,0
1352,0
1353,0
1354,1
1355,0
1356,0
1357,0
1358,0
1359,0
1360,0
1361,0
1362,2
1363,2
1364,0
1365,1
1366,1
1367,2
1368,0
1369,2
1370,0
1371,0
1372,0
1373,2
1374,2
1375,1
1376,-1
1377,0
1378,0
1379,0
1380,1
1381,0
1382,0
1383,2
1384,2
1385,1
1386,2
1387,0
1388,0
1389,0
1390,2
1391,2
1392,2
1393,0
1394,2
1395,0
1396,0
1397,0
1398,2
1399,1
1400,2
1401,0
1402,0
1403,0
1404,0
1405,0
1406,0
1407,2
1408,0
1409,0
1410,0
1411,0
1412,0
1413,1
1414,0
1415,0
1416,2
1417,0
1418,0
1419,0
1420,0
1421,0
1422,0
1423,0
1424,0
1425,2
1426,2
1427,1
1428,1
1429,2
1430,-1
1431,0
1432,0
1433,0
1434,2
1435,1
1436,0
1437,0
1438,0
1439,2
1440,1
1441,2
1442,0
1443,0
1444,2
1445,0
1446,0
1447,0
1448,1
1449,0
1450,2
1451,0
1452,0
1453,0
1454,0
1455,0
1456,1
1457,2
1458,0
1459,0
1460,0
1461,1
1462,1
1463,1
1464,1
1465,0
1466,0
1467,0
1468,0
1469,0
1470,0
1471,0
1472,2
1473,0
1474,0
1475,0
1476,0
1477,2
1478,0
1479,0
1480,0
1481,2
1482,2
1483,0
1484,0
1485,2
1486,-1
1487,0
1488,0
1489,0
1490,0
1491,0
1492,1
1493,0
1494,2
1495,0
1496,2
1497,2
1498,0
1499,0
1500,0
1501,0
1502,2
1503,2
1504,0
1505,2
1506,0
1507,0
1508,0
1509,0
1510,1
1511,1
1512,0
1513,0
1514,0
1515,0
1516,0
1517,0
1518,0
1519,0
1520,0
1521,0
1522,0
1523,1
1524,0
1525,0
1526,0
1527,0
1528,1
1529,0
1530,0
1531,0
1532,0
1533,0
1534,0
1535,0
1536,0
1537,0
1538,0
1539,0
1540,0
1541,0
1542,0
1543,0
1544,2
1545,0
1546,0
1547,2
1548,0
1549,0
1550,2
1551,0
1552,2
1553,0
1554,0
1555,0
1556,2
1557,0
1558,0
1559,0
1560,0
1561,0
1562,0
1563,0
1564,2
1565,2
1566,0
1567,2
1568,2
1569,-1
1570,0
1571,0
1572,0
1573,0
1574,0
1575,0
1576,0
1577,2
1578,2
1579,-1
1580,0
1581,0
1582,0
1583,1
1584,0
1585,0
1586,1
1587,0
1588,0
1589,0
1590,2
1591,0
1592,2
1593,0
1594,2
1595,0
1596,0
1597,0
1598,0
1599,0
1600,2
1601,1
1602,0
1603,0
1604,0
1605,2
1606,2
1607,1
1608,1
1609,0
1610,0
1611,0
1612,0
1613,1
1614,0
1615,2
1616,2
1617,0
1618,0
1619,0
1620,0
1621,0
1622,2
1623,0
1624,0
1625,0
1626,0
1627,0
1628,1
1629,1
1630,0
1631,2
1632,0
1633,-1
1634,1
1635,2
1636,0
1637,0
1638,0
1639,2
1640,0
1641,0
1642,2
1643,0
1644,0
1645,0
1646,0
1647,2
1648,1
1649,0
1650,0
1651,1
1652,0
1653,1
1654,2
1655,0
1656,0
1657,2
1658,0
1659,0
1660,0
1661,0
1662,2
1663,1
1664,0
1665,1
1666,2
1667,2
1668,2
1669,0
1670,2
1671,2
1672,0
1673,2
1674,2
1675,0
1676,0
1677,1
1678,2
1679,2
1680,0
1681,0
1682,0
1683,1
1684,2
1685,0
1686,0
1687,0
1688,0
1689,2
1690,0
1691,0
1692,0
1693,0
1694,2
1695,2
1696,2
1697,2
1698,0
1699,0
1700,0
1701,1
1702,2
1703,0
1704,2
1705,1
1706,-1
1707,0
1708,2
1709,2
1710,1
1711,2
1712,0
1713,0
1714,0
1715,0
1716,0
1717,0
1718,0
1719,0
1720,0
1721,2
1722,2
1723,0
1724,2
1725,2
1726,0
1727,0
1728,0
1729,0
1730,0
1731,0
1732,0
1733,1
1734,2
1735,2
1736,2
1737,0
1738,0
1739,0
1740,0
1741,1
1742,0
1743,0
1744,0
1745,2
1746,0
1747,2
1748,2
1749,0
1750,2
1751,-1
1752,0
1753,2
1754,0
1755,0
1756,0
1757,0
1758,0
1759,0
1760,2
1761,2
1762,0
1763,2
1764,1
1765,0
1766,0
1767,0
1768,2
1769,0
1770,0
1771,0
1772,0
1773,0
1774,0
1775,2
1776,0
1777,0
1778,0
1779,1
1780,1
1781,0
1782,-1
1783,0
1784,0
1785,0
1786,0
1787,2
1788,0
1789,0
1790,0
1791,2
1792,2
1793,0
1794,0
1795,0
1796,0
1797,2
1798,0
1799,0
1800,2
1801,0
1802,0
1803,0
1804,0
1805,0
1806,0
1807,2
1808,0
1809,2
1810,0
1811,0
1812,2
1813,2
1814,2
1815,0
1816,0
1817,-1
1818,0
1819,0
1820,2
1821,2
1822,0
1823,2
1824,0
1825,2
1826,0
1827,2
1828,0
1829,0
1830,0
1831,2
1832,1
1833,2
1834,0
1835,0
1836,2
1837,0
1838,0
1839,0
1840,2
1841,0
1842,2
1843,2
1844,2
1845,2
1846,1
1847,2
1848,0
1849,2
1850,0
1851,0
1852,0
1853,0
1854,0
1855,0
1856,0
1857,0
1858,0
1859,0
1860,0
1861,0
1862,0
1863,0
1864,0
1865,0
1866,0
1867,0
1868,0
1869,1
1870,0
1871,2
1872,0
1873,-1
1874,1
1875,2
1876,1
1877,1
1878,0
1879,0
1880,0
1881,0
1882,1
1883,0
1884,1
1885,0
1886,0
1887,2
1888,1
1889,0
1890,0
1891,-1
1892,2
1893,1
1894,0
1895,0
1896,0
1897,0
1898,0
1899,0
1900,0
1901,0
1902,2
1903,0
1904,0
1905,1
1906,0
1907,0
1908,2
1909,0
1910,0
1911,0
1912,0
1913,2
1914,2
1915,0
1916,2
1917,-1
1918,0
1919,2
1920,0
1921,2
1922,2
1923,0
1924,0
1925,0
1926,0
1927,0
1928,0
1929,0
1930,0
1931,0
1932,0
1933,0
1934,0
1935,0
1936,2
1937,0
1938,0
1939,1
1940,2
1941,0
1942,1
1943,0
1944,0
1945,0
1946,0
1947,0
1948,0
1949,0
1950,2
1951,2
1952,0
1953,0
1954,2
1955,1
1956,0
1957,0
1958,0
1959,2
1960,0
1961,2
1962,0
1963,0
1964,0
1965,0
1966,2
1967,0
1968,0
1969,2
1970,0
1971,0
1972,2
1973,2
1974,2
1975,0
1976,0
1977,0
1978,0
1979,0
1980,0
1981,0
1982,2
1983,0
1984,0
1985,0
1986,0
1987,0
1988,0
1989,2
1990,0
1991,0
1992,0
1993,0
1994,0
1995,0
1996,0
1997,0
1998,0
1999,2
2000,0
2001,0
2002,0
2003,2
2004,0
2005,0
2006,0
2007,0
2008,0
2009,0
2010,0
2011,0
2012,0
2013,0
2014,2
2015,0
2016,0
2017,0
2018,0
2019,-1
2020,0
2021,2
2022,2
2023,0
2024,0
2025,0
2026,0
2027,0
2028,0
2029,0
2030,1
2031,1
2032,0
2033,2
2034,2
2035,2
2036,0
2037,0
2038,0
2039,0
2040,-1
2041,1
2042,2
2043,0
2044,0
2045,0
2046,0
2047,0
2048,0
2049,0
2050,0
2051,0
2052,0
2053,0
2054,0
2055,0
2056,2
2057,0
2058,0
2059,0
2060,2
2061,0
2062,2
2063,0
2064,2
2065,0
2066,0
2067,1
2068,0
2069,0
2070,1
2071,2
2072,3
2073,0
2074,0
2075,0
2076,0
2077,2
2078,0
2079,1
2080,0
2081,3
2082,0
2083,0
2084,2
2085,0
2086,2
2087,0
2088,2
2089,2
2090,-1
2091,0
2092,2
2093,0
2094,0
2095,0
2096,0
2097,1
2098,0
2099,2
2100,2
2101,0
2102,0
2103,0
2104,0
2105,0
2106,0
2107,0
2108,2
2109,1
2110,0
2111,0
2112,0
2113,0
2114,0
2115,0
2116,0
2117,2
2118,1
2119,0
2120,0
2121,0
2122,2
2123,0
2124,2
2125,2
2126,0
2127,2
2128,0
2129,1
2130,0
2131,0
2132,2
2133,0
2134,0
2135,2
2136,1
2137,0
2138,0
2139,0
2140,0
2141,0
2142,0
2143,0
2144,0
2145,0
2146,0
2147,0
2148,0
2149,0
2150,0
2151,-1
2152,0
2153,0
2154,0
2155,0
2156,0
2157,2
2158,2
2159,0
2160,0
2161,0
2162,2
2163,0
2164,0
2165,2
2166,0
2167,0
2168,0
2169,0
2170,0
2171,0
2172,0
2173,2
2174,0
2175,0
2176,0
2177,0
2178,0
2179,2
2180,0
2181,0
2182,2
2183,0
2184,0
2185,0
2186,0
2187,0
2188,2
2189,2
2190,0
2191,0
2192,0
2193,0
2194,0
2195,2
2196,0
2197,0
2198,0
2199,1
2200,2
2201,2
2202,0
2203,0
2204,0
2205,0
2206,2
2207,0
2208,0
2209,0
2210,2
2211,0
2212,2
2213,0
2214,0
2215,0
2216,2
2217,0
2218,1
2219,1
2220,0
2221,0
2222,2
2223,0
2224,0
2225,-1
2226,1
2227,0
2228,0
2229,0
2230,0
2231,0
2232,0
2233,0
2234,0
2235,0
2236,0
2237,2
2238,1
2239,0
2240,0
2241,0
2242,2
2243,0
2244,0
2245,0
2246,0
2247,2
2248,0
2249,0
2250,0
2251,0
2252,0
2253,0
2254,0
2255,0
2256,0
2257,0
2258,0
2259,0
2260,0
2261,0
2262,2
2263,0
2264,0
2265,1
2266,0
2267,2
2268,0
2269,0
2270,0
2271,0
2272,0
2273,0
2274,0
2275,0
2276,0
2277,0
2278,0
2279,0
2280,1
2281,0
2282,0
2283,0
2284,0
2285,0
2286,2
2287,0
2288,0
2289,0
2290,0
2291,1
2292,2
2293,0
2294,0
2295,2
2296,2
2297,2
2298,0
2299,0
2300,2
2301,0
2302,2
2303,0
2304,0
2305,2
2306,2
2307,0
2308,0
2309,0
2310,0
2311,2
2312,0
2313,2
2314,0
2315,0
2316,2
2317,0
2318,0
2319,1
2320,0
2321,0
2322,0
2323,2
2324,0
2325,1
2326,1
2327,2
2328,0
2329,0
2330,0
2331,0
2332,0
2333,0
2334,0
2335,0
2336,0
2337,0
2338,0
2339,1
2340,0
2341,2
2342,0
2343,0
2344,0
2345,1
2346,0
2347,0
2348,1
2349,0
2350,0
2351,0
2352,1
2353,2
2354,2
2355,0
2356,1
2357,0
2358,0
2359,0
2360,2
2361,0
2362,0
2363,0
2364,0
2365,0
2366,0
2367,0
2368,2
2369,2
2370,0
2371,1
2372,0
2373,2
2374,2
2375,2
2376,0
2377,0
2378,0
2379,0
2380,0
2381,0
2382,0
2383,2
2384,0
2385,0
2386,0
2387,2
2388,0
2389,0
2390,2
2391,0
2392,2
2393,0
2394,0
2395,0
2396,1
2397,0
2398,0
2399,0
2400,0
2401,0
2402,0
2403,0
2404,0
2405,0
2406,0
2407,0
2408,2
2409,0
2410,0
2411,0
2412,0
2413,0
2414,2
2415,1
2416,0
2417,2
2418,0
2419,0
2420,1
2421,1
2422,1
2423,0
2424,0
2425,0
2426,0
2427,0
2428,0
2429,0
2430,0
2431,0
2432,1
2433,0
2434,0
2435,2
2436,0
2437,0
2438,1
2439,0
2440,0
2441,2
2442,0
2443,1
2444,0
2445,0
2446,2
2447,-1
2448,0
2449,0
2450,0
2451,0
2452,0
2453,0
2454,1
2455,0
2456,1
2457,0
2458,0
2459,0
2460,0
2461,0
2462,1
2463,2
2464,2
2465,0
2466,0
2467,0
2468,0
2469,0
2470,0
2471,0
2472,0
2473,0
2474,0
2475,0
2476,2
2477,0
2478,2
2479,0
2480,0
2481,0
2482,0
2483,0
2484,0
2485,1
2486,0
2487,0
2488,2
2489,0
2490,0
2491,0
2492,1
2493,0
2494,2
2495,0
2496,0
2497,2
2498,-1
2499,2
2500,2
2501,0
2502,0
2503,0
2504,2
2505,0
2506,1
2507,2
2508,-1
2509,0
2510,1
2511,0
2512,0
2513,2
2514,0
2515,0
2516,1
2517,0
2518,0
2519,0
2520,0
2521,3
2522,2
2523,0
2524,0
2525,2
2526,1
2527,0
2528,0
2529,0
2530,1
2531,0
2532,0
2533,0
2534,0
2535,0
2536,0
2537,0
2538,0
2539,0
2540,1
2541,0
2542,2
2543,0
2544,1
2545,2
2546,0
2547,0
2548,0
2549,2
2550,0
2551,0
2552,0
2553,0
2554,2
2555,0
2556,2
2557,0
2558,0
2559,2
2560,0
2561,-1
2562,0
2563,2
2564,2
2565,0
2566,2
2567,0
2568,1
2569,2
2570,0
2571,0
2572,0
2573,2
2574,2
2575,0
2576,0
2577,2
2578,0
2579,0
2580,0
2581,2
2582,0
2583,2
2584,0
2585,0
2586,1
2587,1
2588,0
2589,0
2590,2
2591,0
2592,0
2593,0
2594,0
2595,2
2596,0
2597,2
2598,2
2599,0
2600,1
2601,0
2602,0
2603,0
2604,2
2605,0
2606,0
2607,1
2608,1
2609,0
2610,0
2611,0
2612,0
2613,0
2614,2
2615,2
2616,0
2617,0
2618,1
2619,2
2620,0
2621,0
2622,0
2623,2
2624,0
2625,1
2626,0
2627,0
2628,2
2629,2
2630,0
2631,2
2632,0
2633,2
2634,0
2635,0
2636,2
2637,0
2638,2
2639,0
2640,0
2641,0
2642,1
2643,0
2644,0
2645,1
2646,1
2647,2
2648,2
2649,0
2650,0
2651,0
2652,2
2653,-1
2654,0
2655,1
2656,2
2657,0
2658,0
2659,2
2660,2
2661,2
2662,0
2663,0
2664,0
2665,0
2666,1
2667,0
2668,0
2669,0
2670,0
2671,0
2672,0
2673,0
2674,0
2675,0
2676,2
2677,0
2678,2
2679,2
2680,0
2681,2
2682,0
2683,0
2684,0
2685,0
2686,2
2687,0
2688,0
2689,1
2690,0
2691,0
2692,0
2693,0
2694,0
2695,2
2696,0
2697,0
2698,0
2699,0
2700,1
2701,2
2702,2
2703,0
2704,0
2705,0
2706,0
2707,2
2708,2
2709,2
2710,1
2711,-1
2712,0
2713,0
2714,0
2715,0
2716,2
2717,0
2718,0
2719,0
2720,2
2721,0
2722,2
2723,2
2724,2
2725,0
2726,0
2727,0
2728,0
2729,0
2730,2
2731,0
2732,1
2733,0
2734,0
2735,0
2736,0
2737,0
2738,0
2739,2
2740,1
2741,0
2742,0
2743,1
2744,2
2745,0
2746,0
2747,0
2748,0
2749,0
2750,0
2751,0
2752,2
2753,0
2754,2
2755,1
2756,0
2757,0
2758,0
2759,0
2760,0
2761,2
2762,0
2763,0
2764,0
2765,0
2766,0
2767,0
2768,0
2769,2
2770,0
2771,0
2772,0
2773,2
2774,0
2775,0
2776,0
2777,2
2778,0
2779,0
2780,2
2781,2
2782,2
2783,2
2784,0
2785,2
2786,2
2787,0
2788,0
2789,0
2790,1
2791,2
2792,0
2793,0
2794,0
2795,2
2796,0
2797,1
2798,0
2799,2
2800,0
2801,0
2802,0
2803,0
2804,2
2805,0
2806,2
2807,0
2808,0
2809,1
2810,0
2811,0
2812,0
2813,1
2814,0
2815,0
2816,2
2817,0
2818,2
2819,0
2820,0
2821,0
2822,2
2823,0
2824,0
2825,0
2826,0
2827,0
2828,2
2829,2
2830,2
2831,0
2832,0
2833,0
2834,0
2835,0
2836,0
2837,2
2838,0
2839,0
2840,0
2841,0
2842,0
2843,0
2844,0
2845,0
2846,0
2847,0
2848,0
2849,0
2850,0
2851,0
2852,2
2853,0
2854,0
2855,0
2856,0
2857,0
2858,2
2859,0
2860,0
2861,1
2862,-1
2863,0
2864,2
2865,2
2866,0
2867,0
2868,0
2869,2
2870,0
2871,1
2872,0
2873,0
2874,2
2875,1
2876,0
2877,2
2878,0
2879,0
2880,0
2881,0
2882,0
2883,0
2884,2
2885,0
2886,1
2887,0
2888,0
2889,0
2890,0
2891,0
2892,0
2893,0
2894,2
2895,0
2896,0
2897,0
2898,-1
2899,0
2900,0
2901,0
2902,0
2903,0
2904,1
2905,0
2906,2
2907,0
2908,0
2909,0
2910,1
2911,0
2912,0
2913,2
2914,2
2915,0
2916,2
2917,0
2918,0
2919,2
2920,0
2921,2
2922,1
2923,0
2924,0
2925,0
2926,1
2927,0
2928,0
2929,0
2930,1
2931,0
2932,0
2933,0
2934,2
2935,0
2936,2
2937,0
2938,1
2939,0
2940,2
2941,0
2942,0
2943,0
2944,0
2945,0
2946,2
2947,0
2948,0
2949,0
2950,2
2951,0
2952,2
2953,1
2954,0
2955,2
2956,0
2957,0
2958,0
2959,0
2960,0
2961,0
2962,2
2963,0
2964,2
2965,0
2966,0
2967,2
2968,0
2969,2
2970,0
2971,0
2972,0
2973,0
2974,0
2975,2
2976,0
2977,0
2978,1
2979,0
2980,0
2981,0
2982,0
2983,2
2984,0
2985,2
2986,1
2987,0
2988,2
2989,0
2990,0
2991,1
2992,0
2993,2
2994,0
2995,2
2996,0
2997,1
2998,0
2999,0
3000,2
3001,0
3002,0
3003,0
3004,0
3005,0
3006,0
3007,0
3008,0
3009,0
3010,2
3011,0
3012,0
3013,0
3014,0
3015,0
3016,0
3017,0
3018,0
3019,0
3020,0
3021,1
3022,2
3023,0
3024,0
3025,0
3026,1
3027,2
3028,1
3029,0
3030,0
3031,0
3032,0
3033,0
3034,0
3035,0
3036,0
3037,0
3038,2
3039,1
3040,0
3041,0
3042,0
3043,0
3044,2
3045,2
3046,0
3047,2
3048,2
3049,0
3050,2
3051,0
3052,0
3053,0
3054,2
3055,0
3056,0
3057,0
3058,0
3059,0
3060,0
3061,2
3062,2
3063,2
3064,1
3065,0
3066,0
3067,0
3068,0
3069,0
3070,2
3071,2
3072,-1
3073,0
3074,1
3075,0
3076,2
3077,0
3078,0
3079,0
3080,0
3081,2
3082,2
3083,2
3084,2
3085,0
3086,0
3087,2
3088,0
3089,0
3090,0
3091,0
3092,0
3093,1
3094,1
3095,0
3096,0
3097,1
3098,0
3099,0
3100,0
3101,0
3102,0
3103,2
3104,0
3105,0
3106,2
3107,1
3108,0
3109,1
3110,2
3111,0
3112,2
3113,2
3114,0
3115,0
3116,0
3117,1
3118,0
3119,2
3120,1
3121,0
3122,0
3123,2
3124,2
3125,0
3126,0
3127,2
3128,0
3129,0
3130,-1
3131,0
3132,2
3133,0
3134,0
3135,0
3136,0
3137,0
3138,2
3139,0
3140,2
3141,0
3142,1
3143,0
3144,1
3145,1
3146,0
3147,0
3148,0
3149,2
3150,2
3151,0
3152,2
3153,0
3154,0
3155,0
3156,0
3157,0
3158,1
3159,0
3160,0
3161,0
3162,0
3163,1
3164,0
3165,0
3166,0
3167,2
3168,2
3169,-1
3170,1
3171,0
3172,0
3173,2
3174,0
3175,2
3176,1
3177,0
3178,0
3179,0
3180,0
3181,0
3182,0
3183,0
3184,0
3185,0
3186,0
3187,0
3188,0
3189,2
3190,0
3191,0
3192,2
3193,0
3194,2
3195,1
3196,0
3197,0
3198,2
3199,2
3200,0
3201,0
3202,1
3203,2
3204,0
3205,0
3206,1
3207,0
3208,0
3209,0
3210,0
3211,0
3212,0
3213,0
3214,0
3215,0
3216,0
3217,0
3218,2
3219,2
3220,0
3221,0
3222,0
3223,2
3224,0
3225,1
3226,0
3227,0
3228,0
3229,0
3230,2
3231,0
3232,2
3233,0
3234,0
3235,0
3236,0
3237,0
3238,2
3239,1
3240,2
3241,0
3242,0
3243,0
3244,2
3245,0
3246,2
3247,2
3248,1
3249,0
3250,0
3251,2
3252,0
3253,0
3254,0
3255,0
3256,0
3257,2
3258,0
3259,2
3260,0
3261,0
3262,2
3263,0
3264,1
3265,2
3266,0
3267,0
3268,0
3269,0
3270,1
3271,0
3272,2
3273,0
3274,0
3275,0
3276,0
3277,2
3278,0
3279,2
3280,1
3281,0
3282,2
3283,0
3284,2
3285,0
3286,0
3287,2
3288,0
3289,0
3290,0
3291,0
3292,0
3293,0
3294,0
3295,0
3296,0
3297,1
3298,1
3299,1
3300,0
3301,0
3302,2
3303,2
3304,0
3305,0
3306,0
3307,2
3308,1
3309,0
3310,0
3311,0
3312,2
3313,2
3314,0
3315,1
3316,2
3317,0
3318,2
3319,0
3320,0
3321,2
3322,0
3323,0
3324,1
3325,1
3326,2
3327,0
3328,2
3329,0
3330,0
3331,0
3332,2
3333,0
3334,0
3335,0
3336,0
3337,0
3338,0
3339,0
3340,0
3341,2
3342,0
3343,0
3344,0
3345,0
3346,0
3347,0
3348,0
3349,0
3350,2
3351,0
3352,1
3353,0
3354,0
3355,2
3356,0
3357,0
3358,2
3359,1
3360,2
3361,0
3362,0
3363,0
3364,2
3365,2
3366,0
3367,1
3368,0
3369,2
3370,0
3371,2
3372,1
3373,0
3374,0
3375,0
3376,2
3377,0
3378,0
3379,2
3380,2
3381,2
3382,3
3383,2
3384,0
3385,0
3386,0
3387,2
3388,0
3389,2
3390,0
3391,0
3392,0
3393,1
3394,0
3395,2
3396,0
3397,0
3398,0
3399,0
3400,0
3401,2
3402,0
3403,0
3404,1
3405,0
3406,2
3407,0
3408,2
3409,0
3410,2
3411,0
3412,0
3413,-1
3414,0
3415,0
3416,0
3417,2
3418,2
3419,1
3420,-1
3421,2
3422,0
3423,1
3424,2
3425,0
3426,-1
3427,0
3428,0
3429,0
3430,0
3431,2
3432,0
3433,0
3434,2
3435,0
3436,0
3437,1
3438,0
3439,0
3440,0
3441,1
3442,0
3443,0
3444,2
3445,1
3446,0
3447,0
3448,0
3449,0
3450,-1
3451,0
3452,2
3453,1
3454,0
3455,0
3456,0
3457,2
3458,0
3459,0
3460,0
3461,0
3462,0
3463,2
3464,0
3465,0
3466,2
3467,2
3468,0
3469,0
3470,1
3471,0
3472,0
3473,0
3474,0
3475,0
3476,0
3477,0
3478,0
3479,0
3480,0
3481,2
3482,0
3483,0
3484,0
3485,1
3486,0
3487,0
3488,2
3489,0
3490,0
3491,2
3492,0
3493,1
3494,0
3495,0
3496,2
3497,0
3498,0
3499,0
3500,0
3501,0
3502,0
3503,0
3504,0
3505,2
3506,2
3507,0
3508,0
3509,0
3510,0
3511,1
3512,0
3513,2
3514,1
3515,2
3516,2
3517,1
3518,2
3519,-1
3520,0
3521,0
3522,2
3523,0
3524,0
3525,0
3526,0
3527,2
3528,0
3529,0
3530,0
3531,0
3532,2
3533,0
3534,2
3535,0
3536,0
3537,1
3538,0
3539,0
3540,0
3541,0
3542,0
3543,0
3544,0
3545,0
3546,2
3547,0
3548,0
3549,0
3550,0
3551,0
3552,0
3553,2
3554,0
3555,0
3556,0
3557,0
3558,0
3559,0
3560,1
3561,0
3562,2
3563,2
3564,1
3565,2
3566,0
3567,0
3568,0
3569,2
3570,1
3571,0
3572,0
3573,2
3574,2
3575,0
3576,0
3577,0
3578,0
3579,0
3580,0
3581,0
3582,0
3583,0
3584,2
3585,0
3586,0
3587,0
3588,1
3589,1
3590,1
3591,0
3592,1
3593,0
3594,2
3595,1
3596,2
3597,0
3598,0
3599,0
3600,0
3601,2
3602,0
3603,0
3604,0
3605,0
3606,0
3607,0
3608,1
3609,0
3610,1
3611,0
3612,1
3613,2
3614,0
3615,0
3616,0
3617,2
3618,0
3619,2
3620,0
3621,0
3622,0
3623,2
3624,0
3625,0
3626,0
3627,2
3628,0
3629,0
3630,1
3631,0
3632,0
3633,0
3634,0
3635,-1
3636,0
3637,0
3638,0
3639,0
3640,0
3641,0
3642,0
3643,0
3644,1
3645,2
3646,0
3647,1
3648,0
3649,2
3650,0
3651,0
3652,1
3653,0
3654,1
3655,0
3656,0
3657,0
3658,0
3659,-1
3660,0
3661,0
3662,2
3663,0
3664,1
3665,0
3666,0
3667,0
3668,-1
3669,2
3670,1
3671,1
3672,0
3673,1
3674,2
3675,1
3676,0
3677,0
3678,0
3679,1
3680,0
3681,2
3682,0
3683,2
3684,0
3685,2
3686,0
3687,2
3688,2
3689,0
3690,0
3691,0
3692,0
3693,0
3694,2
3695,0
3696,0
3697,2
3698,0
3699,2
3700,0
3701,2
3702,0
3703,0
3704,0
3705,1
3706,0
3707,0
3708,0
3709,2
3710,0
3711,1
3712,0
3713,0
3714,0
3715,0
3716,0
3717,0
3718,0
3719,0
3720,0
3721,1
3722,0
3723,0
3724,0
3725,0
3726,0
3727,2
3728,0
3729,0
3730,0
3731,0
3732,0
3733,2
3734,0
3735,0
3736,0
3737,2
3738,0
3739,2
3740,0
3741,0
3742,2
3743,0
3744,0
3745,0
3746,2
3747,1
3748,2
3749,0
3750,0
3751,0
3752,0
3753,0
3754,0
3755,0
3756,2
3757,2
3758,0
3759,0
3760,-1
3761,0
3762,2
3763,1
3764,2
3765,0
3766,0
3767,0
3768,0
3769,2
3770,1
3771,0
3772,0
3773,2
3774,0
3775,1
3776,0
3777,-1
3778,0
3779,1
3780,0
3781,0
3782,0
3783,0
3784,0
3785,2
3786,0
3787,2
3788,0
3789,0
3790,2
3791,0
3792,0
3793,0
3794,0
3795,0
3796,1
3797,0
3798,2
3799,0
3800,2
3801,0
3802,2
3803,1
3804,0
3805,2
3806,0
3807,0
3808,0
3809,0
3810,2
3811,1
3812,2
3813,2
3814,0
3815,0
3816,2
3817,0
3818,0
3819,2
3820,2
3821,0
3822,0
3823,2
3824,1
3825,0
3826,0
3827,1
3828,0
3829,0
3830,2
3831,0
3832,0
3833,0
3834,0
3835,0
3836,2
3837,1
3838,1
3839,0
3840,2
3841,2
3842,0
3843,2
3844,0
3845,0
3846,0
3847,0
3848,0
3849,0
3850,2
3851,0
3852,0
3853,0
3854,0
3855,0
3856,0
3857,0
3858,0
3859,0
3860,2
3861,1
3862,0
3863,2
3864,0
3865,1
3866,0
3867,0
3868,0
3869,0
3870,0
3871,0
3872,0
3873,2
3874,0
3875,0
3876,0
3877,1
3878,0
3879,0
3880,2
3881,2
3882,0
3883,2
3884,0
3885,2
3886,0
3887,1
3888,0
3889,0
3890,0
3891,0
3892,2
3893,1
3894,1
3895,0
3896,0
3897,0
3898,0
3899,2
3900,1
3901,0
3902,0
3903,0
3904,1
3905,0
3906,0
3907,0
3908,2
3909,0
3910,2
3911,2
3912,0
3913,0
3914,2
3915,2
3916,0
3917,0
3918,0
3919,2
3920,0
3921,0
3922,0
3923,1
3924,0
3925,0
3926,0
3927,0
3928,0
3929,2
3930,0
3931,-1
3932,1
3933,0
3934,0
3935,0
3936,1
3937,1
3938,1
3939,0
3940,0
3941,0
3942,0
3943,0
3944,0
3945,0
3946,0
3947,0
3948,0
3949,0
3950,2
3951,0
3952,0
3953,0
3954,0
3955,0
3956,0
3957,0
3958,2
3959,0
3960,0
3961,0
3962,-1
3963,0
3964,0
3965,0
3966,2
3967,0
3968,0
3969,0
3970,1
3971,0
3972,1
3973,0
3974,2
3975,0
3976,0
3977,0
3978,1
3979,2
3980,0
3981,0
3982,0
3983,0
3984,0
3985,0
3986,0
3987,1
3988,2
3989,0
3990,0
3991,0
3992,0
3993,2
3994,0
3995,0
3996,0
3997,2
3998,2
3999,2
4000,2
4001,1
4002,1
4003,0
4004,2
4005,0
4006,2
4007,1
4008,0
4009,2
4010,0
4011,2
4012,2
4013,0
4014,0
4015,0
4016,1
4017,2
4018,2
4019,0
4020,0
4021,0
4022,0
4023,0
4024,0
4025,2
4026,0
4027,0
4028,0
4029,0
4030,0
4031,0
4032,2
4033,2
4034,0
4035,2
4036,0
4037,0
4038,0
4039,0
4040,0
4041,0
4042,2
4043,2
4044,0
4045,0
4046,0
4047,0
4048,0
4049,2
4050,2
4051,0
4052,2
4053,0
4054,0
4055,2
4056,0
4057,0
4058,0
4059,1
4060,2
4061,0
4062,0
4063,0
4064,0
4065,0
4066,0
4067,0
4068,0
4069,0
4070,2
4071,0
4072,0
4073,1
4074,0
4075,2
4076,0
4077,2
4078,0
4079,2
4080,0
4081,0
4082,0
4083,0
4084,0
4085,0
4086,0
4087,0
4088,0
4089,0
4090,0
4091,0
4092,0
4093,0
4094,1
4095,0
4096,0
4097,0
4098,0
4099,2
4100,0
4101,2
4102,2
4103,1
4104,0
4105,1
4106,0
4107,0
4108,0
4109,0
4110,0
4111,1
4112,0
4113,2
4114,0
4115,0
4116,0
4117,0
4118,0
4119,2
4120,0
4121,1
4122,1
4123,0
4124,2
4125,0
4126,0
4127,2
4128,2
4129,2
4130,0
4131,0
4132,2
4133,0
4134,0
4135,0
4136,0
4137,0
4138,0
4139,0
4140,0
4141,0
4142,2
4143,0
4144,2
4145,0
4146,2
4147,0
4148,0
4149,0
4150,0
4151,-1
4152,0
4153,2
4154,0
4155,0
4156,0
4157,0
4158,0
4159,0
4160,0
4161,0
4162,0
4163,0
4164,0
4165,0
4166,0
4167,-1
4168,0
4169,0
4170,0
4171,0
4172,2
4173,2
4174,0
4175,0
4176,0
4177,0
4178,2
4179,0
4180,0
4181,1
4182,2
4183,0
4184,2
4185,0
4186,2
4187,0
4188,0
4189,0
4190,0
4191,0
4192,0
4193,0
4194,0
4195,0
4196,0
4197,2
4198,0
4199,0
4200,0
4201,0
4202,0
4203,2
4204,0
4205,0
4206,0
4207,1
4208,0
4209,2
4210,0
4211,0
4212,2
4213,2
4214,0
4215,0
4216,1
4217,1
4218,0
4219,0
4220,0
4221,2
4222,2
4223,0
4224,0
4225,0
4226,0
4227,0
4228,0
4229,0
4230,1
4231,2
4232,0
4233,1
4234,2
4235,1
4236,0
4237,0
4238,0
4239,0
4240,0
4241,0
4242,2
4243,0
4244,0
4245,0
4246,0
4247,2
4248,0
4249,2
4250,1
4251,2
4252,0
4253,0
4254,0
4255,0
4256,0
4257,0
4258,2
4259,1
4260,0
4261,1
4262,2
4263,2
4264,0
4265,0
4266,2
4267,0
4268,0
4269,0
4270,0
4271,0
4272,-1
4273,2
4274,2
4275,0
4276,2
4277,2
4278,2
4279,0
4280,1
4281,0
4282,2
4283,0
4284,1
4285,0
4286,0
4287,0
4288,0
4289,0
4290,0
4291,0
4292,0
4293,0
4294,0
4295,0
4296,0
4297,2
4298,0
4299,0
4300,2
4301,0
4302,1
4303,2
4304,2
4305,0
4306,0
4307,1
4308,0
4309,0
4310,0
4311,-1
4312,0
4313,1
4314,0
4315,0
4316,0
4317,0
4318,0
4319,0
4320,2
4321,0
4322,2
4323,0
4324,0
4325,2
4326,0
4327,0
4328,0
4329,2
4330,2
4331,0
4332,0
4333,0
4334,2
4335,0
4336,0
4337,0
4338,0
4339,0
4340,0
4341,0
4342,1
4343,-1
4344,0
4345,2
4346,0
4347,2
4348,0
4349,0
4350,0
4351,0
4352,2
4353,1
4354,0
4355,2
4356,0
4357,2
4358,0
4359,0
4360,0
4361,0
4362,2
4363,2
4364,1
4365,0
4366,1
4367,0
4368,0
4369,0
4370,0
4371,0
4372,0
4373,2
4374,0
4375,0
4376,2
4377,2
4378,1
4379,0
4380,0
4381,1
4382,0
4383,0
4384,0
4385,0
4386,0
4387,0
4388,0
4389,2
4390,0
4391,0
4392,0
4393,0
4394,0
4395,0
4396,0
4397,2
4398,0
4399,0
4400,0
4401,0
4402,0
4403,0
4404,1
4405,0
4406,2
4407,1
4408,0
4409,0
4410,0
4411,0
4412,0
4413,0
4414,2
4415,0
4416,0
4417,0
4418,0
4419,0
4420,0
4421,2
4422,0
4423,2
4424,0
4425,0
4426,0
4427,2
4428,1
4429,0
4430,0
4431,-1
4432,1
4433,1
4434,0
4435,2
4436,0
4437,0
4438,0
4439,0
4440,0
4441,2
4442,-1
4443,2
4444,2
4445,0
4446,0
4447,0
4448,0
4449,0
4450,0
4451,0
4452,0
4453,1
4454,0
4455,0
4456,0
4457,0
4458,1
4459,0
4460,2
4461,2
4462,2
4463,0
4464,2
4465,0
4466,2
4467,0
4468,2
4469,-1
4470,0
4471,0
4472,3
4473,0
4474,0
4475,0
4476,0
4477,-1
4478,0
4479,0
4480,0
4481,0
4482,0
4483,0
4484,0
4485,0
4486,0
4487,0
4488,0
4489,-1
4490,0
4491,0
4492,0
4493,0
4494,0
4495,0
4496,1
4497,2
4498,0
4499,0
4500,0
4501,2
4502,1
4503,0
4504,2
4505,2
4506,0
4507,0
4508,0
4509,2
4510,0
4511,0
4512,2
4513,0
4514,2
4515,2
4516,0
4517,0
4518,-1
4519,0
4520,0
4521,0
4522,0
4523,2
4524,1
4525,0
4526,2
4527,0
4528,2
4529,1
4530,1
4531,2
4532,0
4533,0
4534,0
4535,1
4536,2
4537,0
4538,0
4539,0
4540,0
4541,0
4542,0
4543,0
4544,2
4545,1
4546,0
4547,0
4548,0
4549,0
4550,0
4551,0
4552,0
4553,0
4554,0
4555,0
4556,0
4557,0
4558,0
4559,0
4560,0
4561,0
4562,0
4563,0
4564,0
4565,0
4566,0
4567,0
4568,0
4569,0
4570,0
4571,-1
4572,0
4573,0
4574,1
4575,0
4576,0
4577,0
4578,2
4579,0
4580,0
4581,0
4582,0
4583,0
4584,0
4585,1
4586,2
4587,2
4588,0
4589,2
4590,2
4591,0
4592,0
4593,1
4594,0
4595,0
4596,2
4597,0
4598,0
4599,2
4600,2
4601,2
4602,2
4603,0
4604,2
4605,0
4606,0
4607,0
4608,0
4609,0
4610,1
4611,2
4612,0
4613,0
4614,0
4615,0
4616,0
4617,0
4618,0
4619,1
4620,0
4621,0
4622,2
4623,1
4624,0
4625,2
4626,0
4627,0
4628,0
4629,2
4630,0
4631,0
4632,1
4633,-1
4634,0
4635,2
4636,2
4637,0
4638,2
4639,2
4640,1
4641,0
4642,0
4643,2
4644,0
4645,0
4646,0
4647,0
4648,2
4649,0
4650,0
4651,0
4652,0
4653,0
4654,0
4655,0
4656,0
4657,0
4658,0
4659,2
4660,2
4661,0
4662,-1
4663,0
4664,0
4665,2
4666,0
4667,0
4668,0
4669,0
4670,0
4671,2
4672,0
4673,0
4674,0
4675,1
4676,2
4677,0
4678,0
4679,1
4680,1
4681,-1
4682,2
4683,0
4684,2
4685,0
4686,0
4687,2
4688,0
4689,0
4690,0
4691,-1
4692,1
4693,0
4694,0
4695,0
4696,0
4697,2
4698,2
4699,0
4700,0
4701,0
4702,1
4703,0
4704,0
4705,-1
4706,0
4707,0
4708,0
4709,0
4710,1
4711,1
4712,2
4713,0
4714,0
4715,0
4716,0
4717,2
4718,0
4719,0
4720,0
4721,0
4722,0
4723,0
4724,0
4725,2
4726,0
4727,0
4728,2
4729,1
4730,0
4731,0
4732,2
4733,0
4734,0
4735,0
4736,0
4737,0
4738,1
4739,2
4740,0
4741,2
4742,1
4743,0
4744,0
4745,0
4746,0
4747,2
4748,0
4749,0
4750,0
4751,0
4752,0
4753,0
4754,2
4755,0
4756,0
4757,0
4758,1
4759,0
4760,0
4761,0
4762,2
4763,0
4764,0
4765,2
4766,2
4767,1
4768,0
4769,0
4770,0
4771,0
4772,0
4773,0
4774,2
4775,1
4776,0
4777,2
4778,0
4779,0
4780,0
4781,1
4782,2
4783,0
4784,1
4785,0
4786,0
4787,0
4788,0
4789,0
4790,2
4791,2
4792,0
4793,-1
4794,2
4795,0
4796,0
4797,2
4798,2
4799,0
4800,0
4801,0
4802,1
4803,2
4804,0
4805,2
4806,0
4807,2
4808,0
4809,1
4810,0
4811,2
4812,0
4813,0
4814,0
4815,2
4816,1
4817,2
4818,1
4819,0
4820,2
4821,0
4822,1
4823,2
4824,0
4825,0
4826,0
4827,2
4828,0
4829,0
4830,0
4831,0
4832,0
4833,0
4834,0
4835,1
4836,2
4837,0
4838,0
4839,0
4840,2
4841,0
4842,2
4843,0
4844,0
4845,2
4846,0
4847,0
4848,0
4849,0
4850,2
4851,2
4852,0
4853,-1
4854,0
4855,0
4856,1
4857,0
4858,0
4859,2
4860,0
4861,2
4862,1
4863,0
4864,0
4865,1
4866,0
4867,0
4868,0
4869,0
4870,0
4871,0
4872,1
4873,0
4874,1
4875,0
4876,0
4877,0
4878,0
4879,0
4880,0
4881,0
4882,0
4883,0
4884,2
4885,0
4886,0
4887,0
4888,0
4889,0
4890,0
4891,0
4892,2
4893,0
4894,1
4895,0
4896,0
4897,2
4898,0
4899,0
4900,0
4901,0
4902,2
4903,0
4904,1
4905,1
4906,0
4907,0
4908,0
4909,0
4910,0
4911,0
4912,0
4913,2
4914,0
4915,0
4916,2
4917,0
4918,0
4919,1
4920,2
4921,2
4922,0
4923,0
4924,0
4925,0
4926,0
4927,0
4928,0
4929,0
4930,0
4931,2
4932,0
4933,0
4934,0
4935,0
4936,2
4937,2
4938,0
4939,2
4940,2
4941,1
4942,0
4943,0
4944,-1
4945,1
4946,2
4947,0
4948,0
4949,0
4950,2
4951,1
4952,2
4953,2
4954,0
4955,0
4956,0
4957,2
4958,0
4959,2
4960,0
4961,0
4962,0
4963,0
4964,2
4965,0
4966,0
4967,0
4968,0
4969,0
4970,0
4971,0
4972,0
4973,0
4974,0
4975,0
4976,0
4977,0
4978,0
4979,0
4980,2
4981,0
4982,2
4983,0
4984,0
4985,0
4986,2
4987,0
4988,0
4989,0
4990,0
4991,2
4992,0
4993,0
4994,2
4995,1
4996,0
4997,0
4998,1
4999,2
5000,0
5001,0
5002,0
5003,0
5004,2
5005,1
5006,0
5007,0
5008,0
5009,0
5010,1
5011,0
5012,0
5013,0
5014,0
5015,0
5016,0
5017,0
5018,2
5019,3
5020,0
5021,0
5022,0
5023,0
5024,0
5025,2
5026,2
5027,0
5028,0
5029,0
5030,0
5031,0
5032,0
5033,1
5034,0
5035,0
5036,2
5037,0
5038,2
5039,0
5040,2
5041,0
5042,0
5043,0
5044,0
5045,0
5046,0
5047,-1
5048,0
5049,0
5050,2
5051,1
5052,0
5053,2
5054,0
5055,2
5056,0
5057,2
5058,2
5059,0
5060,0
5061,2
5062,2
5063,0
5064,0
5065,0
5066,0
5067,-1
5068,0
5069,2
5070,0
5071,0
5072,0
5073,-1
5074,0
5075,0
5076,0
5077,0
5078,2
5079,0
5080,2
5081,0
5082,0
5083,0
5084,0
5085,2
5086,2
5087,2
5088,0
5089,0
5090,0
5091,0
5092,1
5093,0
5094,0
5095,0
5096,0
5097,2
5098,0
5099,0
5100,0
5101,0
5102,2
5103,0
5104,0
5105,0
5106,0
5107,2
5108,0
5109,0
5110,0
5111,0
5112,0
5113,1
5114,0
5115,0
5116,1
5117,0
5118,2
5119,2
5120,2
5121,0
5122,0
5123,0
5124,2
5125,1
5126,0
5127,-1
5128,0
5129,0
5130,2
5131,0
5132,2
5133,0
5134,0
5135,0
5136,1
5137,0
5138,1
5139,0
5140,0
5141,0
5142,0
5143,2
5144,0
5145,0
5146,2
5147,0
5148,0
5149,0
5150,2
5151,0
5152,0
5153,2
5154,0
5155,2
5156,0
5157,0
5158,0
5159,0
5160,0
5161,2
5162,0
5163,0
5164,0
5165,0
5166,0
5167,0
5168,0
5169,0
5170,0
5171,0
5172,0
5173,0
5174,0
5175,0
5176,0
5177,0
5178,0
5179,0
5180,0
5181,2
5182,0
5183,0
5184,0
5185,0
5186,0
5187,0
5188,0
5189,0
5190,2
5191,0
5192,0
5193,2
5194,0
5195,2
5196,0
5197,2
5198,0
5199,0
5200,3
5201,-1
5202,0
5203,2
5204,0
5205,0
5206,2
5207,0
5208,1
5209,0
5210,0
5211,1
5212,1
5213,2
5214,0
5215,0
5216,0
5217,0
5218,0
5219,0
5220,0
5221,0
5222,0
5223,2
5224,1
5225,0
5226,0
5227,0
5228,0
5229,2
5230,0
5231,0
5232,1
5233,0
5234,0
5235,1
5236,0
5237,2
5238,1
5239,0
5240,0
5241,0
5242,0
5243,0
5244,2
5245,0
5246,0
5247,0
5248,2
5249,0
5250,0
5251,2
5252,0
5253,0
5254,0
5255,0
5256,-1
5257,0
5258,2
5259,0
5260,0
5261,0
5262,0
5263,0
5264,0
5265,0
5266,0
5267,0
5268,0
5269,0
5270,0
5271,1
5272,0
5273,0
5274,2
5275,0
5276,0
5277,0
5278,0
5279,0
5280,0
5281,0
5282,2
5283,1
5284,1
5285,2
5286,0
5287,0
5288,2
5289,2
5290,0
5291,2
5292,0
5293,2
5294,2
5295,0
5296,0
5297,2
5298,0
5299,0
5300,0
5301,2
5302,0
5303,0
5304,0
5305,0
5306,2
5307,0
5308,0
5309,0
5310,0
5311,2
5312,0
5313,0
5314,0
5315,0
5316,0
5317,0
5318,0
5319,0
5320,0
5321,2
5322,-1
5323,1
5324,0
5325,0
5326,2
5327,0
5328,0
5329,0
5330,0
5331,0
5332,0
5333,0
5334,0
5335,2
5336,2
5337,1
5338,0
5339,-1
5340,0
5341,0
5342,0
5343,0
5344,1
5345,0
5346,2
5347,0
5348,0
5349,0
5350,2
5351,0
5352,2
5353,0
5354,0
5355,0
5356,0
5357,0
5358,1
5359,0
5360,0
5361,2
5362,1
5363,1
5364,0
5365,0
5366,0
5367,0
5368,0
5369,2
5370,0
5371,0
5372,0
5373,2
5374,0
5375,0
5376,0
5377,0
5378,2
5379,0
5380,0
5381,0
5382,2
5383,0
5384,2
5385,0
5386,0
5387,0
5388,2
5389,0
5390,0
5391,0
5392,2
5393,0
5394,0
5395,0
5396,0
5397,0
5398,0
5399,2
5400,2
5401,0
5402,0
5403,2
5404,0
5405,0
5406,0
5407,0
5408,2
5409,1
5410,2
5411,0
5412,1
5413,-1
5414,0
5415,2
5416,0
5417,0
5418,0
5419,0
5420,0
5421,0
5422,0
5423,0
5424,0
5425,0
5426,0
5427,2
5428,0
5429,0
5430,1
5431,2
5432,2
5433,0
5434,0
5435,2
5436,0
5437,0
5438,0
5439,0
5440,0
5441,0
5442,0
5443,2
5444,0
5445,0
5446,0
5447,0
5448,0
5449,0
5450,0
5451,2
5452,2
5453,0
5454,0
5455,0
5456,0
5457,0
5458,2
5459,2
5460,0
5461,2
5462,0
5463,2
5464,0
5465,0
5466,0
5467,1
5468,0
5469,0
5470,0
5471,2
5472,0
5473,2
5474,0
5475,0
5476,0
5477,2
5478,0
5479,0
5480,0
5481,0
5482,-1
5483,0
5484,0
5485,2
5486,0
5487,0
5488,0
5489,0
5490,2
5491,0
5492,0
5493,0
5494,0
5495,0
5496,0
5497,0
5498,0
5499,0
5500,0
5501,2
5502,0
5503,2
5504,2
5505,0
5506,0
5507,0
5508,2
5509,0
5510,1
5511,0
5512,2
5513,0
5514,1
5515,0
5516,1
5517,0
5518,0
5519,0
5520,1
5521,2
5522,0
5523,0
5524,0
5525,2
5526,0
5527,2
5528,0
5529,2
5530,0
5531,2
5532,2
5533,0
5534,0
5535,0
5536,0
5537,0
5538,0
5539,0
5540,0
5541,1
5542,2
5543,0
5544,2
5545,0
5546,0
5547,2
5548,2
5549,0
5550,2
5551,0
5552,1
5553,1
5554,0
5555,0
5556,1
5557,2
5558,0
5559,0
5560,0
5561,0
5562,2
5563,0
5564,1
5565,0
5566,0
5567,0
5568,0
5569,0
5570,2
5571,0
5572,0
5573,0
5574,0
5575,0
5576,0
5577,2
5578,0
5579,0
5580,0
5581,-1
5582,2
5583,0
5584,2
5585,0
5586,0
5587,1
5588,0
5589,0
5590,2
5591,0
5592,0
5593,0
5594,0
5595,0
5596,0
5597,0
5598,0
5599,0
5600,0
5601,1
5602,-1
5603,1
5604,2
5605,0
5606,0
5607,0
5608,0
5609,1
5610,0
5611,0
5612,0
5613,2
5614,0
5615,0
5616,1
5617,0
5618,2
5619,0
5620,1
5621,0
5622,2
5623,0
5624,0
5625,0
5626,0
5627,1
5628,0
5629,0
5630,0
5631,0
5632,0
5633,2
